name,sector,priority,website,email,city,source,validation_status,notes
Rua Al-Madinah Holding,Mega-projet PIF,1,https://www.ruaalmadinah.com,,Médine,https://talent.ruaalmadinah.com/Careers/search,PORTAL_ONLY,PIF Vision 2030 flagship Madinah - careers@ruaalmadinah.com BOUNCED - portail uniquement + LinkedIn HR
Knowledge Economic City,Mega-projet,1,https://www.madinahkec.com,,Médine,https://www.madinahkec.com/workwithkec,PORTAL_ONLY,20k jobs project - tous patterns @madinahkec.com REJECT Outlook M365 - portail careers uniquement
Taiba Investments,Real Estate,1,https://www.taiba.com.sa,careers@taiba.com.sa,Médine,https://www.taiba.com.sa/en/who-we-are/careers,RISKY,PIF Madinah real estate - M365 catch-all bloque validation externe - tester par envoi reel
Anwar Al Madinah Movenpick,Hotel 5*,1,https://all.accor.com,,Médine,https://careers.accor.com/,PORTAL_ONLY,Accor flagship - hr.almadina@movenpick.com BOUNCED - portail Accor central + LinkedIn cluster HR KSA
Pullman ZamZam Madinah,Hotel 5*,1,https://all.accor.com,,Médine,https://careers.accor.com/,PORTAL_ONLY,Face Haram - h7187-hr@accor.com BOUNCED + hr@pullman-zamzam-madina.com BOUNCED - portail Accor uniquement
Sofitel Shahd Al Madinah,Hotel luxe,1,https://all.accor.com,,Médine,https://careers.accor.com/,PORTAL_ONLY,Accor luxury - hr.shahd@sofitel.com BOUNCED - portail Accor + LinkedIn KSA luxury cluster
Novotel Madinah,Hotel 4*,1,https://all.accor.com,,Médine,https://careers.accor.com/,PORTAL_ONLY,DM Manager 2026 actif - novotelmadinah.com DOMAIN_NOT_FOUND - portail Accor uniquement
Dar Al Iman InterContinental,Hotel 5*,1,https://www.ihg.com,,Médine,https://careers.ihg.com/,PORTAL_ONLY,IHG flagship - hr.daraliman@ihg.com + careers@daraliman.com BOUNCED - portail IHG MENA + DM Sarah Khan LinkedIn
InterContinental Dar Al Hijra,Hotel 5*,1,https://www.ihg.com,,Médine,https://careers.ihg.com/,PORTAL_ONLY,IHG sister property - hr.daralhijra@ihg.com BOUNCED - portail IHG + LinkedIn HR MENA
Crowne Plaza Madinah,Hotel 5*,1,https://www.ihg.com,,Médine,https://careers.ihg.com/,PORTAL_ONLY,IHG cluster - portail IHG uniquement
Hilton Madinah,Hotel 5*,1,https://www.hilton.com,,Médine,https://jobs.hilton.com/,PORTAL_ONLY,357 rooms - madinah.hr@hilton.com M365 REJECT - portail Hilton MENA
Hyatt Regency Madinah,Hotel 5*,1,https://www.hyatt.com,,Médine,https://careers.hyatt.com/,PORTAL_ONLY,Hyatt premium - madinah.hr@hyatt.com BOUNCED - portail Hyatt + LinkedIn MENA HR
Marriott Madinah Cluster,Hotel 5*,1,https://www.marriott.com,,Médine,https://careers.marriott.com/,PORTAL_ONLY,CLUSTER UNIFIE Marriott + Sheraton + Le Meridien Madinah - portail corporate Marriott - LinkedIn MENA Talent
The Oberoi Madina,Hotel luxe,1,https://www.oberoihotels.com,careers.madina@oberoihotels.com,Médine,https://oberoihotels.com/careers,RISKY,Ultra-luxury - M365 catch-all bloque validation externe - tester par envoi reel
Shaza Al Madina,Hotel luxe,1,https://www.shazahotels.com,info@shazahotels.com,Médine,https://www.shazahotels.com/careers,MX_VALID,Sharia-compliant luxury - info@shazahotels.com SMTP 250 OK Google - hr.almadina@shazahotels.com BOUNCED
Elaf Group,Hospitality,1,https://www.elafgroup.com,career@elafgroup.com,Médine,https://www.elafgroup.com/careers + verified-email,MX_VALID,Saudi chain corporate - tous patterns @elafgroup.com M365 REJECT + elaf.com.sa BOUNCED - portail + LinkedIn Elaf HR
Almosafer (Seera Group),OTA,1,https://www.seera.sa,careers@seera.sa,KSA,https://seera.sa/careers,MX_VALID,#1 KSA travel - careers@seera.sa SMTP 250 OK Cloudflare - careers@almosafer.com BOUNCED utiliser seera.sa
Mawasim (Seera/Almosafer),Travel,1,https://www.seera.sa,hr@seera.sa,KSA,https://seera.sa/careers,MX_VALID,Hajj/Umrah international - hr@seera.sa SMTP 250 OK Cloudflare - meme parent que Almosafer
Bin Dawood Holding,Retail,1,https://www.bindawoodholding.com,,Médine/Makkah,https://bindawoodholding.com/careers,PORTAL_ONLY,Groupe familial Médine - tous patterns Google Workspace REJECT - portail + LinkedIn HR
NEOM,Mega-projet PIF,1,https://www.neom.com,careers@neom.com,NEOM,https://careers.neom.com/careers,MX_VALID,905 jobs actifs - M365 catch-all - email portail Workday officiel
Red Sea Global,Mega-projet PIF,1,https://www.redseaglobal.com,careers@redseaglobal.com,Red Sea,https://careers.theredsea.sa/,MX_VALID,EMEA Recruitment Team of the Year - SMTP 250 OK Pphosted
Royal Commission for AlUla,Mega-projet,1,https://www.rcu.gov.sa,careers@rcu.gov.sa,AlUla,https://careerssf.rcu.gov.sa/,RISKY,Heritage UNESCO Hegra - MX self-hosted PTR issue bloque test - tester par envoi reel
Diriyah Gate Development Authority,Mega-projet PIF,1,https://www.dgda.gov.sa,careers@dgda.gov.sa,Riyadh,https://www.dgda.gov.sa/en/careers,MX_VALID,At-Turaif UNESCO - SMTP 250 OK Pphosted - hr@dgda.gov.sa et info@dgda.gov.sa egalement valides
Riyadh Air,Aviation,1,https://www.riyadhair.com,careers@riyadhair.com,Riyadh,https://careers.riyadhair.com/,MX_VALID,Nouvelle flag carrier 2026 - SMTP 250 OK Pphosted - info@riyadhair.com fallback
Qiddiya,Mega-projet PIF,1,https://www.qiddiya.com,careers@qiddiya.com,Riyadh,https://careers.qiddiya.com/,MX_VALID,Entertainment city PIF - SMTP 250 OK Pphosted - hr@qiddiya.com + info@qiddiya.com fallbacks
New Murabba,Mega-projet PIF,1,https://www.newmurabba.com,careers@newmurabba.com,Riyadh,https://www.newmurabba.com/careers,RISKY,The Mukaab giga-quartier - M365 catch-all bloque validation externe - email portail officiel
Saudi Tourism Authority,Gouvernement,1,https://www.sta.gov.sa,careers@sta.gov.sa,Riyadh,https://careers.sta.gov.sa/,RISKY,Visit Saudi Vision 2030 - M365 catch-all bloque validation externe - tester par envoi reel
Saudia Airlines,Aviation,1,https://www.saudia.com,careers@saudia.com,KSA,https://saudia.com/careers,MX_VALID,Hub Madinah PMIA - SMTP 250 OK Pphosted - hr@saudia.com fallback
noon,E-commerce,1,https://www.noon.com,hr@noon.com,Riyadh,https://careers.noon.com/,MX_VALID,#1 KSA e-commerce - hr@noon.com SMTP 250 OK Google - careers@noon.com BOUNCED utiliser hr@
Tamara,FinTech BNPL,2,https://tamara.co,careers@tamara.co,Riyadh,https://tamara.co/careers,RISKY,Saudi BNPL leader - Mimecast catch-all bloque validation externe - email portail officiel
Ru'Ya GCC,Agence digitale,1,https://ruyagcc.com,hello@ruyagcc.com,Médine,https://ruyagcc.com,MX_VALID,HQ Médine = fit parfait - hello@ruyagcc.com SMTP 250 OK Jellyfish - DM CEO LinkedIn en parallele
Social Clinic,Agence,1,https://socialclinic.sa,,KSA,https://socialclinic.sa/careers,PORTAL_ONLY,Top agence KSA bureau Médine - M365 catch-all bloque tous patterns - portail + LinkedIn TA
Publicis Groupe Riyadh,Agence,1,https://www.publicisgroupe.com,,Riyadh,https://careers.publicisgroupe.com/,PORTAL_ONLY,Ex-Publicis Geneve reseau direct - M365 catch-all bloque tous patterns - LinkedIn priority
GroupM Riyadh,Agence média,2,https://www.groupm.com,careers@groupm.com,Riyadh,https://www.groupm.com/careers/,MX_VALID,careers@groupm.com SMTP 250 OK Pphosted - careers.mena@groupm.com BOUNCED utiliser careers@
VML MENA,Agence,2,https://www.vml.com,careers@vml.com,Riyadh,https://www.vml.com/careers,MX_VALID,careers@vml.com SMTP 250 OK Pphosted - careers.mena@vml.com BOUNCED utiliser careers@
Almarai,FMCG,2,https://www.almarai.com,hr@almarai.com,Riyadh,https://www.almarai.com/en/careers/,MX_VALID,FMCG leader - hr@almarai.com SMTP 250 OK Pphosted - careers@almarai.com BOUNCED utiliser hr@
Cenomi Retail,Retail,2,https://www.cenomiretail.com,,Riyadh,,LINKEDIN_ONLY,51 brands fashion - cenomiretail.com NO_MX confirme - LinkedIn uniquement
STC Group,Telco,2,https://www.stc.com.sa,,Riyadh,https://www.stc.com.sa/en/careers,PORTAL_ONLY,Telco leader - MX self-hosted PTR REJECT tous patterns - portail STC + LinkedIn
Ritz-Carlton Riyadh,Hotel luxe,2,https://www.ritzcarlton.com,,Riyadh,https://careers.marriott.com/,OUT_OF_SCOPE,Hors Médine - portail Marriott central - priorité 2
Four Seasons Jeddah,Hotel luxe,2,https://www.fourseasons.com,,Jeddah,https://careers.fourseasons.com/,OUT_OF_SCOPE,Hors Médine - priorité 2
Banyan Tree AlUla,Hotel luxe,2,https://www.banyantree.com,,AlUla,https://www.banyantree.com/careers,OUT_OF_SCOPE,Hors Médine - wellness AlUla - priorité 2
Conrad Makkah,Hotel luxe,2,https://www.hilton.com,,Makkah,https://jobs.hilton.com/,OUT_OF_SCOPE,Hors Médine - conradmakkah.hr@hilton.com BOUNCED - priorité 2
Raffles Makkah Palace,Hotel ultra-luxe,2,https://all.accor.com,,Makkah,https://careers.accor.com/,OUT_OF_SCOPE,Hors Médine - hr.makkah@raffles.com BOUNCED - priorité 2
Madinah Region Development Authority,Gouvernement,1,https://madinah.gov.sa,,Médine,https://madinah.gov.sa,LINKEDIN_ONLY,Smart city Madinah partenariats Almosafer - pas d'email careers public - LinkedIn DM
Tibah Airports,Aviation,2,https://tibahairports.com,,Médine,https://tibahairports.com/careers,PORTAL_ONLY,Operateur aeroport Madinah - SMTP timeout serveur down - portail + LinkedIn
Dur Hospitality,Hospitality,1,https://www.dur.sa,,Médine,https://www.dur.sa/careers,PORTAL_ONLY,Operateur hotelier PIF avec presence Madinah - M365 catch-all bloque - portail uniquement
Marafiq Madinah,Utilities,2,https://www.marafiq.com.sa,,Médine,https://www.marafiq.com.sa/careers,PORTAL_ONLY,Utilities Madinah Knowledge Economic City - M365 catch-all bloque - portail uniquement
SEVEN,Entertainment PIF,1,https://www.seven.sa,careers@seven.sa,Riyadh/KSA,https://www.seven.sa/careers,MX_VALID,Saudi Entertainment Ventures PIF - SMTP 250 OK Pphosted - hr@seven.sa + info@seven.sa fallbacks
Diriyah Company,Mega-projet PIF,1,https://www.diriyah.sa,careers@diriyah.sa,Riyadh,https://www.diriyah.sa/careers,MX_VALID,Successeur DGDA heritage UNESCO - SMTP 250 OK Pphosted - hr@diriyah.sa + info@diriyah.sa fallbacks
Nusuk Platform,Travel Tech,1,https://www.nusuk.sa,info@nusuk.sa,KSA,https://www.nusuk.sa/careers,MX_VALID,Plateforme officielle Hajj/Umrah Madinah core scope - info@nusuk.sa SMTP 250 OK Nourmail
Mouwasat Medical Services,Santé,1,https://www.mouwasat.com,hr@mouwasat.com,KSA,https://www.mouwasat.com/en/careers,MX_VALID,hr@mouwasat.com + recruitment@mouwasat.com SMTP 250 OK Pphosted (fake handle 550 = no catch-all) - careers@ BOUNCED utiliser hr@
Saudi German Health,Santé,1,https://saudigerman.com,careers@saudigerman.com,KSA,https://saudigerman.com/en/careers,MX_VALID,careers@ + hr@saudigerman.com SMTP 250 OK Pphosted (fake handle 550 = no catch-all) - presence hopital MENA
flynas,Aviation,1,https://www.flynas.com,recruitment@flynas.com,Médine/KSA,https://www.flynas.com/en/about-flynas/careers,MX_VALID,Hub PMIA Madinah - recruitment@flynas.com SMTP 250 OK M365 avec verif recipient (fake handle 550 access denied = no catch-all aveugle)
Abdullah Al Othaim Markets,Retail,1,https://corporate.othaimmarkets.com,hr@othaimmarkets.com,Médine/KSA,https://corporate.othaimmarkets.com/en/careers,MX_VALID,415 branches KSA incl Madinah - hr@othaimmarkets.com SMTP 250 OK Pphosted (careers/recruitment/fake 550 = no catch-all) utiliser hr@
flyadeal,Aviation,1,https://www.flyadeal.com,careers@flyadeal.com,Médine/KSA,https://www.flyadeal.com/en/careers,RISKY,Low-cost Saudia group hub Madinah - Mimecast catch-all + PBL bloque test sandbox - tester par envoi reel
Saudi German Hospital Group,Santé,2,https://www.sgh.com.sa,careers@sgh.com.sa,KSA,https://www.sgh.com.sa/careers,RISKY,Groupe SGH - Google Workspace catch-all (fake handle 250) bloque validation - prefer saudigerman.com - tester par envoi reel
Emaar The Economic City,Real Estate,2,https://www.emaar.sa,info@emaar.sa,KSA,https://www.emaar.sa/careers,RISKY,KAEC developer - Zoho policy block sur test - tester par envoi reel
Millennium Hotels Madinah,Hotel 5*,1,https://www.millenniumhotels.com,,Médine,https://www.millenniumhotels.com/en/careers/,RISKY,Millennium & Copthorne Madinah - Mimecast catch-all bloque tous patterns - tester ou portail
Saraya Holding,Hospitality,2,https://www.saraya.com.sa,,KSA,https://www.saraya.com.sa/careers,RISKY,Hospitality KSA - mail.dmail.sa self-hosted - tester par envoi reel
Nahdi Medical,Retail Pharma,2,https://www.nahdi.sa,,KSA,https://careers.nahdi.sa/,RISKY,#1 pharmacie KSA presence Madinah - Barracuda gateway bloque validation - portail careers + tester
Dallah Taibah,Hospitality,1,https://dallahtaibah.com,,Médine,https://dallahtaibah.com/careers,PORTAL_ONLY,Operateur hotelier Madinah - hr@dallah-taibah.com BOUNCED (bounces.txt) + dallahtaibah.com M365 catch-all - portail uniquement
Saja Al Madinah Hotel,Hotel 5*,1,https://sajahotels.com,,Médine,https://sajahotels.com/careers,PORTAL_ONLY,Hotel face Haram - sajahotels.com M365 catch-all bloque tous patterns - portail + LinkedIn HR
Frontel Al Harithia Madinah,Hotel 4*,1,https://www.frontelhotels.com,,Médine,https://www.frontelhotels.com,PORTAL_ONLY,Frontel chain Madinah - domaine dedie sans MX - portail groupe + LinkedIn
Elaf Taibah Hotel,Hotel 4*,1,https://www.elafgroup.com,,Médine,https://www.elafgroup.com/hotels/elaf-taibah,PORTAL_ONLY,Propriete Elaf Group Madinah - elaftaibah.com sans MX + elafgroup.com M365 REJECT - portail Elaf + LinkedIn
Anwar Al Madinah (asset),Hotel 5*,1,https://all.accor.com,,Médine,https://careers.accor.com/,PORTAL_ONLY,Anwar Al Madinah complexe - domaines dedies sans MX - portail Accor central + LinkedIn cluster KSA
Makarem Hotels,Hotel,1,https://www.makarem.com.sa,,Médine/Makkah,https://www.makarem.com.sa/careers,PORTAL_ONLY,Chaine saoudienne Madinah & Makkah - makarem.com.sa sans MX resolvable - portail + LinkedIn HR
Boudl Group,Hospitality,2,https://www.boudl.com.sa,,KSA,https://www.boudl.com.sa/careers,PORTAL_ONLY,Aparthotels KSA - boudl.com.sa sans MX resolvable - portail + LinkedIn
Al Noor Mall Madinah,Retail/Mall,1,https://www.alnoormall.com,,Médine,https://www.alnoormall.com,PORTAL_ONLY,Mall majeur Madinah - Hostinger MX generique pas de mailbox careers - LinkedIn property management + contact form
Al Rashid Mega Mall Madinah,Retail/Mall,1,https://www.alrashidmall.com,,Médine,https://www.alrashidmall.com,PORTAL_ONLY,Mega mall Madinah - MX self-hosted pas de mailbox careers public - contact form + LinkedIn
Arabian Centres (Cenomi Centers),Retail/Mall,2,https://www.cenomicenters.com,,KSA,https://www.cenomicenters.com/careers,PORTAL_ONLY,Operateur malls Aliat/Noor Madinah - arabiancentres.com M365 catch-all - portail Cenomi + LinkedIn
Panda Retail (Savola),Retail,2,https://www.panda.com.sa,,KSA,https://www.panda.com.sa/careers,PORTAL_ONLY,Hypermarches Savola presence Madinah - panda.com.sa M365 catch-all - portail + LinkedIn
ROSHN Group,Real Estate PIF,1,https://www.roshn.sa,,KSA,https://careers.roshn.sa/,PORTAL_ONLY,Giga real estate PIF communautes nationales - roshn.sa M365 catch-all - portail Workday + LinkedIn
Sumou Real Estate,Real Estate,2,https://www.sumou.com.sa,,KSA,https://www.sumou.com.sa/careers,PORTAL_ONLY,Developpeur KSA Madinah projects - sumou.com.sa M365 catch-all - portail + LinkedIn
Webedia Arabia,Agence digitale,1,https://www.webedia-arabia.com,contact@webedia-arabia.com,KSA,https://www.webedia-arabia.com/careers + verified-email,MX_VALID,Agence digitale/contenu KSA - webedia-arabia.com M365 catch-all bloque patterns - portail + LinkedIn TA
The Social Clinic (Sahara),Agence,1,https://thesocialclinic.com,,KSA,https://thesocialclinic.com/careers,PORTAL_ONLY,Agence social media KSA - thesocialclinic.com M365 catch-all - portail + LinkedIn (distinct socialclinic.sa)
MCN / FP7 McCann KSA,Agence,2,https://www.mccann.com,,Riyadh/KSA,https://www.mccann.com/careers/,PORTAL_ONLY,Reseau McCann/FP7 MENA - fp7.com/mccann.com Pphosted patterns careers non confirmes - portail + LinkedIn
Tarual,Agence digitale,1,https://tarual.com,,KSA,https://tarual.com,LINKEDIN_ONLY,Agence digitale KSA - tarual.com rejette sender externe (sender policy) - DM LinkedIn + contact form
Aliat Mall Madinah,Retail/Mall,1,https://www.cenomicenters.com,,Médine,https://www.cenomicenters.com,LINKEDIN_ONLY,Mall Cenomi a Madinah - aliatmall.com NO_MX - via Cenomi Centers portail + LinkedIn property
Jabal Omar Development,Real Estate,2,https://www.jabalomar.com.sa,,Makkah,https://www.jabalomar.com.sa/careers,LINKEDIN_ONLY,Giga Makkah - jabalomar.com.sa tous handles 550 (Google no generic mailbox) - LinkedIn HR + portail
Digital of Things,Agence digitale,2,https://digitalofthings.com,contact@digitalofthings.com,KSA,https://digitalofthings.com/careers + verified-email,MX_VALID,Agence digitale KSA - tous handles 550 (Google no generic mailbox) - DM LinkedIn fondateurs
Taibah University,Education,2,https://www.taibahu.edu.sa,,Médine,https://www.taibahu.edu.sa/careers,PORTAL_ONLY,Universite Madinah - taibahu.edu.sa M365 catch-all - portail academique + LinkedIn (marketing/comms dept)
Royal Commission for Makkah & Holy Sites,Gouvernement,1,https://www.rcmc.gov.sa,,Médine/Makkah,https://www.rcmc.gov.sa,LINKEDIN_ONLY,Autorite holy sites incl Madinah - rcmc.gov.sa MX self-hosted pas de mailbox public - LinkedIn DM HR
Sara United Company,Retail & Distribution,1,https://www.sara.com.sa,mnagah@sara.com.sa,Dammam,sourcing-KSA-est,MX_VALID,Contact marketing trouvé sur site officiel - Eastern Province
Anjum Hotel Makkah,Hospitality pèlerinage,1,https://www.anjumhotels.com,HR@anjumhotels.com,Makkah,sourcing-KSA-ouest,MX_VALID,HR email officiel - hôtellerie Makkah - CV hospitality
Dar Al Arkan,Real Estate,1,https://www.daralarkan.com,info@alarkan.com,Riyadh,verified-email-workflow,MX_VALID,Marketing Manager | cv:generic
The Social Clinic,Agence,1,https://thesocialclinic.com,info@socialclinic.sa,Riyadh,verified-email-workflow,MX_VALID,Performance/Social Manager | cv:generic
Robert Walters Middle East,Recruiter,1,https://www.robertwalters.ae,saudi@robertwalters.com,Riyadh,verified-email-workflow,MX_VALID,Senior Marketing registration | cv:generic
Charterhouse Middle East,Recruiter,1,https://www.charterhouse.ae,info@charterhouse.ae,KSA,verified-email-workflow,MX_VALID,Senior Marketing registration | cv:generic
Marc Ellis,Recruiter,1,https://www.marc-ellis.com,enquiry@marc-ellis.com,KSA,verified-email-workflow,MX_VALID,Senior Marketing registration | cv:generic
Kershaw Leonard,Recruiter,1,https://www.kershawleonard.net,mike@kershawleonard.net,KSA,verified-email-workflow,MX_VALID,Senior Marketing registration | cv:generic
Prezlab,Presentation & Creative Design Agency,1,https://prezlab.com/contact/,Careers@prezlab.com,Riyadh,verified-email-workflow-2,MX_VALID,Senior Digital Marketing / Account Director | cv:generic
Fullstop Advertising,Creative Advertising Agency,1,http://fullstop.sa/,hireme@fullstop.sa,Riyadh,verified-email-workflow-2,MX_VALID,Senior Marketing / Account Director | cv:generic
Brand Lounge,Brand Consultancy,1,https://brandloungeme.com/contact/,info@brandloungeme.com,Riyadh,verified-email-workflow-2,MX_VALID,Brand Strategy / Marketing Lead | cv:generic
Bassmat Digital Agency,Digital Marketing Agency,1,https://www.bassmat.com/,hi@bassmat.com,Riyadh,verified-email-workflow-2,MX_VALID,Head of Digital / Senior Marketing Manager | cv:generic
CreativeBlend,Creative & Branding Agency,1,https://www.creativeblend.com.sa/,hr@creativeblend.com.sa,Riyadh,verified-email-workflow-2,MX_VALID,Senior Marketing Manager | cv:generic
PENCIL,Creative Branding & Digital Agency,1,https://pencil.sa/,hello@pencil.sa,Riyadh,verified-email-workflow-2,MX_VALID,Account Director / Digital Marketing Lead | cv:generic
Global Digital Creative (GDC),Advertising & Digital Agency,1,https://www.gdc-graphics.com/,sales@gdc-graphics.com,Riyadh,verified-email-workflow-2,MX_VALID,Senior Digital Marketing Manager | cv:generic
Digital Wasfa,Digital Marketing Agency,1,https://digitalwasfa.com/,info@digitalwasfa.com,Riyadh,verified-email-workflow-2,MX_VALID,Head of Digital / SEO & Ads Lead | cv:generic
Red Impact (Redimpact Arabia),Creative Advertising Agency,1,https://redimpactarabia.com/contact-us.php,info@redimpactarabia.com,Jeddah,verified-email-workflow-2,MX_VALID,Senior Marketing / Account Director | cv:generic
MAZ NEXA,Branding & Creative Agency,1,https://www.maznexa.sa/en/branding-agency-riyadh,support@maznexa.sa,Riyadh,verified-email-workflow-2,MX_VALID,Senior Marketing Manager | cv:generic
RAM,Strategic Creative Agency,1,https://ram.sa/,hello@ram.sa,Riyadh,verified-email-workflow-2,MX_VALID,Brand Strategy / Marketing Lead | cv:generic
Millimeter Creative Agency,Branding & Communication Agency,1,https://millimeter.agency/,hello@millimeter.agency,Riyadh,verified-email-workflow-2,MX_VALID,Senior Marketing Manager | cv:generic
WCM Agency,Marketing & Branding Agency,1,https://www.wcmagency.com/branding-agency-riyadh-dammam-saudi-arabia/,hello@wcmagency.com,Riyadh,verified-email-workflow-2,MX_VALID,Senior Digital Marketing Manager | cv:generic
Digital World Advertising Agency,Advertising & Branding Agency,1,https://digitalworldagency.net/,info@digitalworldagency.net,Al Khobar,verified-email-workflow-2,MX_VALID,Senior Marketing Manager | cv:generic
Data Wide,Digital Marketing Agency,1,https://www.data-wide.com/contact-us/,info@data-wide.com,Riyadh,verified-email-workflow-2,MX_VALID,Head of Digital / Senior Marketing Manager | cv:generic
Braira Hotels & Resorts,Hospitality,1,https://brairahotels.com/contact/,info@brairahotels.com,Riyadh,verified-email-workflow-2,MX_VALID,Digital Marketing Manager / Head of Marketing | cv:hospitality
The Venue Jeddah Corniche,Hospitality,1,https://www.the-venue.com/career/,hr@the-venue.com,Jeddah,verified-email-workflow-2,MX_VALID,Digital Marketing Manager / Marketing & Communications | cv:hospitality
Habitat Hotel All Suites,Hospitality,1,https://booking.habitathotel.com.sa/en/jeddah/career.php,hrd@habitathotel.com.sa,Jeddah,verified-email-workflow-2,MX_VALID,Digital Marketing Manager / Head of Marketing | cv:hospitality
Maden Hotels,Hospitality,1,https://madenhotels.com/en/contact-us/,info@madenhotels.com,Madinah,verified-email-workflow-2,MX_VALID,Digital Marketing Manager / Head of Marketing | cv:hospitality
Ruve Hotel Jeddah,Hospitality,1,https://ruvejeddah.com/,rsvn@ruvejeddah.com,Jeddah,verified-email-workflow-2,MX_VALID,Digital Marketing / Sales & Marketing Manager | cv:hospitality
Emaar Elite Hotels,Hospitality,1,https://www.emaarelite.com/,sales@emaarelite.com,Makkah,verified-email-workflow-2,MX_VALID,Digital Marketing / Sales & Marketing Manager | cv:hospitality
Al Kiswah Towers Hotel,Hospitality,1,https://www.alkiswah.com/,Alkiswahdh@gmail.com,Makkah,verified-email-workflow-2,MX_VALID,Digital Marketing / Marketing Manager | cv:hospitality
Retaj Hotels & Hospitality,Hospitality,1,https://retaj-hotels.com/careers/,info@retaj-hotels.com,Makkah,verified-email-workflow-2,MX_VALID,Digital Marketing Manager / Head of Marketing | cv:hospitality
Swiss International Hotels & Resorts,Hospitality,1,https://swissinternationalhotels.com/careers/,info@swissinternationalhotels.com,Riyadh,verified-email-workflow-2,MX_VALID,Digital Marketing Manager / Head of Marketing | cv:hospitality
Swiss Hospitality Company,Hospitality,1,https://swisshospitality.sa/,info@swisshospitality.sa,Riyadh,verified-email-workflow-2,MX_VALID,Digital Marketing / Marketing & Brand | cv:hospitality
Danah United Real Estate (Al Rashid Mall),Retail,1,https://www.alrashidmall.sa/careers,Hr@danah.com.sa,Al Khobar,verified-email-workflow-2,MX_VALID,Marketing Manager | cv:generic
Al Othaim Malls (Abdullah Al Othaim Investment),Retail,1,https://othaimmalls.com/english/careers,info@othaimmalls.com,Riyadh,verified-email-workflow-2,MX_VALID,Digital Marketing Manager | cv:generic
Al Othaim Investment Company,Retail,1,https://www.alothaiminvestment.com/careers,info@alothaiminvestment.com,Riyadh,verified-email-workflow-2,MX_VALID,Marketing Manager | cv:generic
Alandalus Property Company,Real Estate,1,https://www.alandalus.com.sa/contact-us/,mail@alandalus.com.sa,Riyadh,verified-email-workflow-2,MX_VALID,Head of Marketing | cv:generic
Cenomi Centers (Arabian Centres),Retail,1,https://centers.cenomi.com/sa-en/contact-us/,cenomi@cenomicenters.com,Riyadh,verified-email-workflow-2,MX_VALID,Digital Marketing Manager | cv:generic
Fitaihi Holding Group,Retail,1,http://www.fitaihi.com.sa/en/contact-us/,sh@fitaihi.com.sa,Jeddah,verified-email-workflow-2,MX_VALID,Marketing Manager | cv:generic
Heraa Mall,Retail,1,https://www.heraa-mall.com/en/careers/,info@heraa-mall.com,Jeddah,verified-email-workflow-2,MX_VALID,Marketing Manager | cv:generic
Saudi Real Estate Company (Al Akaria),Real Estate,1,https://www.al-akaria.com/en/contact/,info@al-akaria.com,Riyadh,verified-email-workflow-2,MX_VALID,Head of Digital Marketing | cv:generic
Hamat Property Company (Panorama Mall),Real Estate,1,https://panorama-mall.com/contact/,crm@hamat.sa,Riyadh,verified-email-workflow-2,MX_VALID,Marketing Manager | cv:generic
SEDCO Holding (SEDCO Development),Real Estate,1,https://sedco.com/en/contact-us/,info@sedco.com,Jeddah,verified-email-workflow-2,MX_VALID,Marketing Manager | cv:generic
Jabal Omar Development Company,Real Estate,1,https://jabalomar.com.sa/contacts/,support@jabalomar.com.sa,Makkah,verified-email-workflow-2,MX_VALID,Digital Marketing Manager | cv:generic
Makkah Construction & Development Company (MCDC),Real Estate,1,https://mcdc.com.sa/contact-us/?lang=en,info@mcdc.com.sa,Makkah,verified-email-workflow-2,MX_VALID,Marketing Manager | cv:generic
Dar Al Omran,Real Estate,1,https://www.dao-badran.com/contact/,dao-saudia@daralomran.com.sa,Riyadh,verified-email-workflow-2,MX_VALID,Marketing Manager | cv:generic
SEDCO Capital,Real Estate,1,https://sedcocapital.com/contacts/offices/,info@sedcocapital.com,Riyadh,verified-email-workflow-2,MX_VALID,Marketing Manager | cv:generic
Almana Group of Hospitals,Healthcare,1,https://www.almanahospital.com.sa/en/careers,career@almanahospital.com.sa,Al Khobar,verified-email-workflow-2,MX_VALID,Head of Marketing / Digital Marketing Manager | cv:brand
Dr. Samir Abbas Hospital,Healthcare,1,https://dsah.sa/en/careers,careers@dsah.sa,Jeddah,verified-email-workflow-2,MX_VALID,Marketing & Digital Manager | cv:brand
Beech Hall School Riyadh,Education,1,https://beechhallschoolriyadh.com/community/careers/,hr@beechhallschoolriyadh.com,Riyadh,verified-email-workflow-2,MX_VALID,Marketing / Admissions & Communications Manager | cv:brand
GEMS American International School Riyadh (SEP-KSA),Education,1,https://gaisr.com/about-us/vacancies/,Recruitment@sep-ksa.com,Riyadh,verified-email-workflow-2,MX_VALID,Marketing & Communications Manager | cv:brand
Downe House Riyadh,Education,1,https://downehouseriyadh.com/careers/,careers@downehouseriyadh.com,Riyadh,verified-email-workflow-2,MX_VALID,Marketing & Admissions Manager | cv:brand
American International School Riyadh (AISR),Education,1,https://www.aisr.org/employment/apply,join_us@aisr.org,Riyadh,verified-email-workflow-2,MX_VALID,Marketing & Communications Manager | cv:brand
Dar Al Hekma University,Education,1,https://www.dah.edu.sa/en/careers/Pages/default.aspx,jobs@dah.edu.sa,Jeddah,verified-email-workflow-2,MX_VALID,Head of Marketing / Digital Marketing Manager | cv:brand
Jeddah Knowledge International School (JKS),Education,1,https://www.jks.edu.sa/employment-opportunities/,jksinfo@jks.edu.sa,Jeddah,verified-email-workflow-2,MX_VALID,Marketing & Admissions Manager | cv:brand
Al Salama Hospital,Healthcare,1,https://alsalamahospital.com/en/career/,info@alsalamahospital.com,Jeddah,verified-email-workflow-2,MX_VALID,Marketing Manager | cv:brand
International Gulf Medical Clinics (IGMC),Healthcare,1,https://igmc.io/en/careers/,info@igmc.io,Madinah,verified-email-workflow-2,MX_VALID,Marketing / Digital Marketing Manager | cv:brand
Eventana,Events & Experiential Agency,1,https://eventana.net/contact,info@eventana.net,Riyadh,verified-email-workflow-2,MX_VALID,Marketing Manager | cv:brand
Shine Event Staffing,Events & Experiential Agency,1,https://shineeventstaffing.com/,hello@letsshineksa.com,Riyadh,verified-email-workflow-2,MX_VALID,Marketing Manager | cv:brand
Relia (Al Quraishi Marketing),FMCG Distribution,1,https://www.relia-me.com/contact,careers@relia-me.com,Riyadh,verified-email-workflow-2,BOUNCED,Marketing Manager | cv:brand | careers@relia-me.com hard bounce 11.07
Blink Experience,Events & Experiential Agency,1,https://blinkexperience.com/contact/,info@blinkexperience.com,Riyadh,verified-email-workflow-2,MX_VALID,Marketing Manager | cv:brand
Entourage Marketing & Events,Events & Experiential Agency,1,https://entourageintl.com/careers/,info@entourageintl.com,Riyadh,verified-email-workflow-2,MX_VALID,Marketing Manager | cv:brand
Focal Point (FP Group),Events & Brand Activation Agency,1,https://focalpoint.group/,info@focalpoint.group,Jeddah,verified-email-workflow-2,MX_VALID,Marketing Manager | cv:brand
Benchmark,Events & Experiential Agency,1,https://www.benchmarkksa.com/,info@benchmarkksa.com,Jeddah,verified-email-workflow-2,MX_VALID,Marketing Manager | cv:brand
Halwani Bros,FMCG Food Manufacturing,1,https://www.halwani.com.sa/en/contact-us/,info@halwani.com.sa,Jeddah,verified-email-workflow-2,MX_VALID,Marketing Manager | cv:brand
Etihad Golden Falcons,Events & Brand Activation Agency,1,https://etihad-gf.com/contact-us/,sales@etihad-gf.com,Riyadh,verified-email-workflow-2,MX_VALID,Marketing Manager | cv:brand
eDirect,Digital Marketing Agency,1,https://edirect.sa/contact-us/,info@edirect.sa,Riyadh,verified-email-workflow-2,MX_VALID,Marketing Manager | cv:brand
Rafal Advertising,Advertising Agency,1,https://www.rafal-adv.com/contact/,info@rafal-adv.com,Jeddah,verified-email-workflow-2,MX_VALID,Marketing Manager | cv:brand
Cross Arabia,FMCG Distribution,1,https://crossarabia.com/contact-us/,HR@crossarabia.com,Riyadh,verified-email-workflow-2,MX_VALID,Trade Marketing Manager | cv:brand
